{
  "baselines": {
    "Direct Instruction": {
      "genes": [
        "scaffold",
        "scaffold",
        "scaffold",
        "scaffold"
      ],
      "fitness": 10.0
    },
    "Chain-of-Thought": {
      "genes": [
        "hint",
        "hint",
        "hint",
        "hint"
      ],
      "fitness": 56.666666666666664
    },
    "Verification Focus": {
      "genes": [
        "verify",
        "verify",
        "verify",
        "verify"
      ],
      "fitness": 51.666666666666664
    }
  },
  "evolved": {
    "genes": [
      "diagnose",
      "verify",
      "encourage",
      "hint"
    ],
    "fitness": 93.33333333333333
  },
  "improvement": {
    "absolute": 36.666666666666664,
    "percentage": 64.70588235294117,
    "vs_baseline": "Chain-of-Thought"
  },
  "evolution_history": {
    "best_fitness": [
      93.33333333333333,
      93.33333333333333,
      93.33333333333333,
      93.33333333333333
    ],
    "avg_fitness": [
      72.5,
      81.66666666666666,
      81.66666666666666,
      90.83333333333333
    ],
    "diversity": [
      1.0,
      0.5,
      0.5,
      0.75
    ],
    "best_genes": [
      [
        "diagnose",
        "verify",
        "encourage",
        "hint"
      ],
      [
        "diagnose",
        "verify",
        "encourage",
        "hint"
      ],
      [
        "diagnose",
        "verify",
        "encourage",
        "hint"
      ],
      [
        "diagnose",
        "verify",
        "encourage",
        "hint"
      ]
    ],
    "gen_times": [
      18.405416011810303,
      24.472742557525635,
      52.554041385650635,
      24.664894819259644
    ]
  },
  "timing": {
    "total_seconds": 143.3319160938263,
    "baseline_seconds": 23.22525668144226,
    "mode": "async"
  }
}